{"cameraMode":{"drawMode":0,"name":"Shaded","section":"Shading Mode"},"sceneLighting":false,"audioPlay":false,"sceneViewState":{"showFog":true,"showMaterialUpdate":false,"showSkybox":false,"showFlares":true,"showImageEffects":true,"showParticleSystems":true},"in2DMode":false,"pivot":{"x":2.499999523162842,"y":0.7419162392616272,"z":-82.59913635253906},"rotation":{"x":-0.11607184261083603,"y":-0.8778757452964783,"z":0.26897332072257998,"w":-0.37883487343788149},"size":8.084649085998536,"orthographic":false}