{"cameraMode":{"drawMode":0,"name":"Shaded","section":"Shading Mode"},"sceneLighting":true,"audioPlay":false,"sceneViewState":{"showFog":true,"showMaterialUpdate":false,"showSkybox":true,"showFlares":true,"showImageEffects":true,"showParticleSystems":true},"in2DMode":false,"pivot":{"x":50.369476318359378,"y":-120.72842407226563,"z":327.4093017578125},"rotation":{"x":0.3477766215801239,"y":-0.4091513752937317,"z":0.17259351909160615,"w":0.8257981538772583},"size":552.4596557617188,"orthographic":false}