{"cameraMode":{"drawMode":0,"name":"Shaded","section":"Shading Mode"},"sceneLighting":false,"audioPlay":false,"sceneViewState":{"showFog":true,"showMaterialUpdate":false,"showSkybox":false,"showFlares":true,"showImageEffects":true,"showParticleSystems":true},"in2DMode":false,"pivot":{"x":-49.74053192138672,"y":13.970327377319336,"z":-49.948421478271487},"rotation":{"x":-0.3868667483329773,"y":-0.07831928133964539,"z":0.03274388983845711,"w":-0.9182679653167725},"size":217.15724182128907,"orthographic":false}