{"cameraMode":{"drawMode":0,"name":"Shaded","section":"Shading Mode"},"sceneLighting":true,"audioPlay":false,"sceneViewState":{"showFog":true,"showMaterialUpdate":false,"showSkybox":true,"showFlares":true,"showImageEffects":true,"showParticleSystems":true},"in2DMode":false,"pivot":{"x":186.18035888671876,"y":-82.59342956542969,"z":249.15496826171876},"rotation":{"x":0.16915161907672883,"y":0.6138397455215454,"z":-0.13682308793067933,"w":0.7588809132575989},"size":242.494873046875,"orthographic":false}