{"cameraMode":{"drawMode":0,"name":"Shaded","section":"Shading Mode"},"sceneLighting":false,"audioPlay":false,"sceneViewState":{"showFog":true,"showMaterialUpdate":false,"showSkybox":false,"showFlares":true,"showImageEffects":true,"showParticleSystems":true},"in2DMode":false,"pivot":{"x":2.5,"y":0.7187268733978272,"z":-79.86808013916016},"rotation":{"x":-0.5189855694770813,"y":-0.22546544671058656,"z":0.14413796365261079,"w":-0.8118151426315308},"size":17.468019485473634,"orthographic":false}