{"cameraMode":{"drawMode":0,"name":"Shaded","section":"Shading Mode"},"sceneLighting":false,"audioPlay":false,"sceneViewState":{"showFog":true,"showMaterialUpdate":false,"showSkybox":false,"showFlares":true,"showImageEffects":true,"showParticleSystems":true},"in2DMode":false,"pivot":{"x":2.1924633979797365,"y":-2.583944320678711,"z":-2.987363815307617},"rotation":{"x":-0.4645852744579315,"y":-0.020720448344945909,"z":0.010874424129724503,"w":-0.8852197527885437},"size":47.75684356689453,"orthographic":false}