{"cameraMode":{"drawMode":0,"name":"Shaded","section":"Shading Mode"},"sceneLighting":false,"audioPlay":false,"sceneViewState":{"showFog":true,"showMaterialUpdate":false,"showSkybox":false,"showFlares":true,"showImageEffects":true,"showParticleSystems":true},"in2DMode":false,"pivot":{"x":-49.74053192138672,"y":13.970327377319336,"z":-49.948421478271487},"rotation":{"x":0.33414119482040408,"y":0.33626699447631838,"z":-0.12899383902549745,"w":0.8710055947303772},"size":217.15724182128907,"orthographic":false}