{"cameraMode":{"drawMode":0,"name":"Shaded","section":"Shading Mode"},"sceneLighting":false,"audioPlay":false,"sceneViewState":{"showFog":true,"showMaterialUpdate":false,"showSkybox":false,"showFlares":true,"showImageEffects":true,"showParticleSystems":true},"in2DMode":false,"pivot":{"x":-10.025856018066407,"y":20.829044342041017,"z":8.315400123596192},"rotation":{"x":-0.38858354091644289,"y":-0.580931544303894,"z":0.36826610565185549,"w":-0.6132186651229858},"size":53.03218460083008,"orthographic":false}