{"cameraMode":{"drawMode":0,"name":"Shaded","section":"Shading Mode"},"sceneLighting":false,"audioPlay":false,"sceneViewState":{"showFog":true,"showMaterialUpdate":false,"showSkybox":false,"showFlares":true,"showImageEffects":true,"showParticleSystems":true},"in2DMode":false,"pivot":{"x":-2.679919481277466,"y":-0.1308889389038086,"z":0.6051969528198242},"rotation":{"x":0.45972591638565066,"y":0.07207067310810089,"z":-0.037464722990989688,"w":0.8843534588813782},"size":18.824382781982423,"orthographic":false}