{"cameraMode":{"drawMode":0,"name":"Shaded","section":"Shading Mode"},"sceneLighting":false,"audioPlay":false,"sceneViewState":{"showFog":true,"showMaterialUpdate":false,"showSkybox":false,"showFlares":true,"showImageEffects":true,"showParticleSystems":true},"in2DMode":false,"pivot":{"x":2.3585941791534426,"y":-24.039098739624025,"z":12.197542190551758},"rotation":{"x":0.48435941338539126,"y":0.022301148623228074,"z":-0.012350189499557019,"w":0.8745009899139404},"size":59.0672607421875,"orthographic":false}